label,text
0,"Your weekly team update is ready. The project meeting is scheduled for Tuesday at 10 AM."
0,"Hi Priya, please review the attached minutes and send your comments before Friday."
0,"Your order has shipped and can be tracked from the order history page on our website."
0,"The library will be closed on Monday for maintenance. Regular hours resume Tuesday."
0,"Thanks for your application. We would like to schedule an interview next week."
0,"Your monthly statement is available in the secure customer portal."
0,"Reminder: the design review starts at 2 PM in conference room B."
0,"GitHub notification: a pull request was merged into your repository."
0,"Please confirm your attendance for the community workshop."
0,"The invoice for your approved subscription is available in your account."
1,"Congratulations! You won a cash prize. Claim your reward now by clicking this exclusive link."
1,"URGENT: Your account will be suspended today. Verify your password immediately."
1,"Make money fast from home with this guaranteed secret investment opportunity."
1,"You have been selected for a free gift card. Act now before this limited offer expires."
1,"Lose weight quickly with our miracle product. Buy now and get an unbelievable discount."
1,"Final warning: your mailbox is full. Click here immediately to keep your account active."
1,"Earn thousands every week with no experience required. Send your details to get started."
1,"Exclusive offer just for you! Claim a free vacation by completing this short survey now."
1,"Your payment failed. Confirm your banking information at the link below to avoid a fee."
1,"WINNER notification: reply with your personal information to receive your international transfer."
