label,subject,body
BEC,Quick task confidential,"I am in a meeting and need you to process an urgent wire transfer to a new vendor today. This is time sensitive and confidential. Do not discuss with anyone else."
BEC,Urgent payment request,"Please send the payment to the new bank account before the end of the day. I will send the banking details shortly."
BEC,Executive request,"The CEO is traveling and needs an urgent vendor payment. Keep this confidential and reply when completed."
BEC,Invoice settlement,"Please process this invoice immediately and use the attached bank details for the transfer."
BEC,Confidential finance task,"I need you to make a confidential payment to our new supplier before 2 PM today."
SPOOFING,System notification,"Authentication failed for the sending domain and the Reply-To address does not match the From domain."
SPOOFING,Account alert,"This message claims to be from the company but the return path and sender domain are different."
SPOOFING,Security notice,"The sender identity could not be authenticated and the message contains contradictory routing headers."
SPOOFING,Mail delivery warning,"The visible sender domain differs from the authenticated sending domain."
SPOOFING,Authentication failure,"SPF and DMARC failed while the reply address points to an unrelated domain."
SPOOFING,Mail authentication warning,"DMARC failed for the visible From domain and the authenticated sender does not align."
SPOOFING,Delivery verification failed,"The Reply-To domain differs from the From domain and SPF authentication failed."
SPOOFING,Sender mismatch detected,"The return-path domain is unrelated to the displayed sender and DKIM did not pass."
SPOOFING,Header alignment alert,"Authentication results show DMARC failure and contradictory sender identity headers."
SPOOFING,Inbound mail warning,"The message claims an internal sender but its authenticated domain is external."
SPOOFING,Domain authentication failure,"SPF softfail and DKIM fail were recorded for this sender."
SPOOFING,Reply routing anomaly,"Replies would be routed to a different domain than the visible sender."
SPOOFING,From header anomaly,"The From address and Return-Path address use different organizations."
SPOOFING,Sender identity alert,"The claimed sender cannot be aligned with the authenticated domain."
SPOOFING,Mail integrity check,"DKIM failed and the message identity conflicts with its routing headers."
SPOOFING,Authentication result notice,"DMARC is none and the Reply-To address points outside the organization."
SPOOFING,External sender warning,"An external authenticated sender is presenting an internal display identity."
SPOOFING,Routing mismatch,"The sender and reply routing domains do not match."
SPOOFING,Header contradiction,"The visible sender, return path, and authentication results contradict one another."
SPOOFING,Domain alignment issue,"SPF failed and the From domain is not aligned with the authenticated mail source."
SPOOFING,Security gateway alert,"DKIM and DMARC failed for a message using a trusted organization name."
SPOOFING,Mail source mismatch,"The message source domain differs from both the From and Reply-To identity."
SPOOFING,Inbound authentication alert,"The sender passed no authentication checks and uses a mismatched reply address."
SPOOFING,Identity verification failed,"The organization in the display name is not the authenticated sender."
MALWARE,Invoice attached,"The attached document contains macros and asks the recipient to enable editing to view the invoice."
MALWARE,Shipment document,"The executable attachment was detected and its declared MIME type does not match its content."
MALWARE,Updated document,"Open the macro-enabled Office attachment and enable macros to see the protected content."
MALWARE,Payment receipt,"The attachment contains a suspicious executable payload and triggered a malware signature."
MALWARE,Important archive,"The compressed attachment contains a script file that was flagged by endpoint scanning."
PHISHING,Verify your account,"Your account will be suspended. Click the link and enter your password immediately to keep access."
PHISHING,Password reset required,"Confirm your login credentials using the secure link below or your account will be locked."
PHISHING,Security verification,"We detected unusual activity. Sign in now and verify your password to avoid suspension."
PHISHING,Payment portal,"Your payment failed. Log in through the link and confirm your banking information."
PHISHING,Mailbox warning,"Your mailbox is full. Click the verification link and sign in immediately."
SPAM,Limited offer,"Claim your free gift card now. This exclusive offer expires soon."
SPAM,You are a winner,"Congratulations, you won a prize. Reply with your details to receive the reward."
SPAM,Make money fast,"Earn thousands from home with no experience required. Act now."
SPAM,Free vacation,"You have been selected for a free vacation. Complete the survey to claim it."
SPAM,Miracle product,"Buy this limited offer now and get an unbelievable discount."
BENIGN,Project update,"The project meeting is scheduled for Tuesday. Please review the notes before then."
BENIGN,Order shipped,"Your order has shipped and can be tracked from your account order history."
BENIGN,Interview invitation,"Thank you for your application. We would like to schedule an interview next week."
BENIGN,Weekly newsletter,"Here is your weekly team update with the latest project information."
BENIGN,Invoice available,"The invoice for your approved subscription is available in the customer portal."
BENIGN,Weekly repository digest,"Your weekly repository digest is ready. Review the latest issues and pull requests when convenient."
BENIGN,Team meeting reminder,"Reminder that the project meeting starts Tuesday at 10 AM. Please bring your notes."
BENIGN,Order shipment update,"Your order has shipped. Track delivery from the order history page on our website."
BENIGN,Application update,"Thank you for your application. Our team will contact you about the next interview stage."
BENIGN,Subscription statement,"Your monthly statement is available in the secure customer portal for review."
BENIGN,Community workshop,"Please confirm your attendance for the community workshop next week."
BENIGN,Pull request notification,"A pull request was merged into your repository. No action is required."
BENIGN,Maintenance notice,"The library will be closed Monday for maintenance and will reopen Tuesday."
BENIGN,Calendar invitation,"You are invited to the design review on Wednesday afternoon."
BENIGN,Receipt confirmation,"Your payment receipt is available in your account history."
BEC,New beneficiary payment,"Please add the new supplier beneficiary and send the payment confirmation when complete."
BEC,Wire transfer today,"Can you arrange the wire transfer to the vendor before the banking cutoff today?"
BEC,Executive travel request,"I am away from the office. Please settle this partner invoice and keep the request confidential."
BEC,Updated bank details,"The supplier has changed bank accounts. Use the new account details for this invoice payment."
BEC,Accounts payable action,"Please release the outstanding vendor payment and confirm once the transfer is complete."
BEC,Confidential purchase,"I need you to purchase the equipment urgently and bypass the usual discussion until I return."
BEC,Payment approval bypass,"This payment is time sensitive. Please process it without waiting for the normal approval chain."
BEC,Vendor invoice correction,"The invoice has updated remittance details. Redirect the payment to the account listed below."
BEC,Finance director request,"The finance director approved this transfer. Please send the funds and reply with confirmation."
BEC,Private settlement request,"Please handle this private settlement today and do not include the wider team in the email."
BEC,New account for supplier,"The vendor provided a new account number. Update the beneficiary and pay the invoice today."
BEC,Purchase order payment,"Please complete the purchase order payment before close of business and send me the receipt."
BEC,CEO payment instruction,"I am in a meeting. Make the urgent payment to our supplier and do not call me to verify it."
BEC,Invoice redirection,"Ignore the previous remittance instructions and redirect the invoice payment to this account."
BEC,Approval exception,"This is an exception to our normal process. Send the payment now and we will document the approval later."
